{"cameraMode":{"drawMode":0,"name":"Shaded","section":"Shading Mode"},"sceneLighting":false,"audioPlay":false,"sceneViewState":{"m_AlwaysRefresh":false,"showFog":true,"showSkybox":false,"showFlares":true,"showImageEffects":true,"showParticleSystems":true,"showVisualEffectGraphs":true,"m_FxEnabled":true},"in2DMode":false,"pivot":{"x":0.3018301725387573,"y":-8.940696716308594e-8,"z":1.0683056116104127},"rotation":{"x":-0.06953158974647522,"y":0.33220118284225466,"z":-0.024563707411289216,"w":-0.9403240084648132},"size":1.277164340019226,"orthographic":false}