{"cameraMode":{"drawMode":0,"name":"Shaded","section":"Shading Mode"},"sceneLighting":false,"audioPlay":false,"sceneViewState":{"m_AlwaysRefresh":false,"showFog":true,"showSkybox":false,"showFlares":true,"showImageEffects":true,"showParticleSystems":true,"showVisualEffectGraphs":true,"m_FxEnabled":true},"in2DMode":false,"pivot":{"x":0.6829574108123779,"y":-8.940696716308594e-8,"z":0.8751840591430664},"rotation":{"x":-0.14549711346626283,"y":0.3513038158416748,"z":-0.055363498628139499,"w":-0.9232317209243774},"size":1.5957839488983155,"orthographic":false}